Name,NOC,Discipline,Event
de VOS Robbert-Jan,Netherlands,Hockey,Both
FUJIKI Mayuko,Spain,Artistic Swimming,Team
MARIJNE Sjoerd,India,Hockey,Women
ALAMEDA Lonni,Canada,Baseball/Softball,Softball
LOUCKS Luke,Nigeria,Basketball,Both
AMO AGUADO Pablo,Spain,Football,Both
KUNTZ Stefan,Germany,Football,Men
GOJKOVIC Vladimir,Montenegro,Water Polo,Men
MAKIRI Hare,Japan,Rugby Sevens,Women
ALSHEHRI Saad,Saudi Arabia,Football,Men
RILLIE John,Australia,Basketball,Both
ZAMPIERI Francesca,Liechtenstein,Artistic Swimming,Duet
MOHAMMED Silifat,Nigeria,Basketball,Both
BABER Gareth Colin,Fiji,Rugby Sevens,Men
HENKEL Claas,Germany,Hockey,Men
IWABUCHI Kensuke,Japan,Rugby Sevens,Men
VITORINO de SOUZA Marcelo,Kenya,Volleyball,Both
GRAINGER Adam,Ireland,Hockey,Both
KRUMBHOLZ Olivier,France,Handball,Women
TURNER Glenn,New Zealand,Hockey,Men
BATCH Colin,Australia,Hockey,Men
HARDY William,United States of America,Basketball,Both
EWING Gareth,South Africa,Hockey,Men
LOPEZ Monica Susana,Argentina,Artistic Swimming,Both
NAKAGAICHI Yuichi,Japan,Volleyball,Men
BATISTA Fernando,Argentina,Football,Men
ELEK Gabor,Hungary,Handball,Women
MONTICO Loredana,Australia,Artistic Swimming,Duet
BAO Zhuang,People's Republic of China,Volleyball,Both
STALEY Dawn,United States of America,Basketball,Women
CHUN Jooweon,Republic of Korea,Basketball,Women
MOHAMED Mai,Egypt,Artistic Swimming,Both
THOMAIDIS Lisa,Canada,Basketball,Women
WRIGHT Jerold,United States of America,Basketball,Both
MIRET GARCIA Daniel,Spain,Basketball,Both
LOPEZ GUILLEN Melvyn,Dominican Republic,Basketball,Both
WIEGMAN Sarina,Netherlands,Football,Women
KANUNGO Bergin,Zambia,Football,Both
KIM Chanbin,Republic of Korea,Football,Both
FRIDAY Mike,United States of America,Rugby Sevens,Men
GOORJIAN Brian,Australia,Basketball,Men
ABDELMAGID Wael,Egypt,Football,Both
BURLANDO Giovanna,Italy,Artistic Swimming,Both
POWELL Katrina,Australia,Hockey,Women
RADOI Mirel,Romania,Football,Men
TERZIC Zoran,Serbia,Volleyball,Women
LAZARO CORRAL Jesus,Spain,Basketball,Both
PAGAN CRISTOBAL Angel,Puerto Rico,Basketball,Both
FAVAREL Pablo,Venezuela,Basketball,Both
DUENAS de GALARZA Jorge,Brazil,Handball,Women
TARRES CAMPA Ana,Greece,Artistic Swimming,Duet
BLENGINI Gianlorenzo,Italy,Volleyball,Men
LAVARINI Stefano,Republic of Korea,Volleyball,Women
MARCZ Tamas,Hungary,Water Polo,Men
SAMMELVUO Tuomas,ROC,Volleyball,Men
FATOVIC Elvis,Australia,Water Polo,Men
BUNTING Allan,New Zealand,Rugby Sevens,Women
MANENTI John,Australia,Rugby Sevens,Women
ELAFANDI Nour,Egypt,Artistic Swimming,Team
SHAHNAZI Shahbaz,Austria,Artistic Swimming,Both
BERGE Christian,Norway,Handball,Men
ENQUIST Susan,United States of America,Volleyball,Both
GRYZUNOVA Elena,ROC,Artistic Swimming,Team
NAKADA Kumi,Japan,Volleyball,Women
OCA GAIA Miguel Angel,Spain,Water Polo,Women
WANG Jie,People's Republic of China,Artistic Swimming,Duet
DIAZ HENRIQUEZ Nestor,Dominican Republic,Basketball,Both
MUNOZ Noe de Jesus,Mexico,Baseball/Softball,Baseball
ROEDL Henrik,Germany,Basketball,Men
CHIARI Simona,San Marino,Artistic Swimming,Both
COLLET Vincent,France,Basketball,Men
DROBNJAK Dragisa,Slovenia,Basketball,Both
HERGEIRSSON Thorir,Norway,Handball,Women
CASTRO Alex,Chile,Football,Both
FOIREST Laurent,France,Basketball,Both
TUCAK Ivica,Croatia,Water Polo,Men
ZIJP Simon,Netherlands,Hockey,Both
CHERNETSKA Natalia,Greece,Artistic Swimming,Duet
ECHEZURIA Manuel,Venezuela,Basketball,Both
MIURA Keiko,Japan,Hockey,Women
CHOI Il Eon,Republic of Korea,Baseball/Softball,Baseball
de OLIVEIRA Marcus Ricardo,Brazil,Handball,Men
HAY Danny,New Zealand,Football,Men
REID Graham John,India,Hockey,Men
BROWN Michael,Nigeria,Basketball,Men
HEYNEN Vital,Poland,Volleyball,Men
KRIST JANSSON Aron,Bahrain,Handball,Men
TOMOMATSU Yumiko,Italy,Artistic Swimming,Both
GADEMAN Pasha,Canada,Hockey,Men
ADAMA Cherif,C�te d'Ivoire,Football,Both
VILLEGAS Orlando,Venezuela,Volleyball,Both
MAZZANTI Davide,Italy,Volleyball,Women
LETELIER Jose,Chile,Football,Women
FUENTES Andrea,United States of America,Artistic Swimming,Duet
LOCK Adrian Mayner,Spain,Hockey,Women
LOZANO Jaime,Mexico,Football,Men
SAVIC Maja,Montenegro,Handball,Women
ABE Junya,Japan,Volleyball,Both
FEDIUSHYNA Tetiana,Ukraine,Artistic Swimming,Both
KAWASE Asaki,Japan,Football,Both
PRIESTMAN Bev,Canada,Football,Women
SUNDHAGE Pia Mariane,Brazil,Football,Women
VLACHOS Theodoros,Greece,Water Polo,Men
WIRTH Oscar,Chile,Football,Both
JIA Xiuquan,People's Republic of China,Football,Women
SACCHETTI Romeo,Italy,Basketball,Men
UTKIN Volodymyr,Ukraine,Artistic Swimming,Both
ALEKNO Vladimir,Islamic Republic of Iran,Volleyball,Men
KOFFI Anthony,C�te d'Ivoire,Football,Both
KONSTANTINOV Aleksei,ROC,Volleyball,Both
MONTICO Loredana,Australia,Artistic Swimming,Team
ZAITSEVA Olesia,Ukraine,Artistic Swimming,Duet
ALEKSEEV Alexey,ROC,Handball,Women
MEZIANE Rachid,France,Basketball,Both
BYRNE Mick,Canada,Rugby Sevens,Women
FULI Saiasi,Fiji,Rugby Sevens,Women
ALY Kamal,Egypt,Football,Both
DEMCHENKO Zhanna,Kazakhstan,Artistic Swimming,Duet
IMURA Masayo,Japan,Artistic Swimming,Both
KUZIN Andrey,ROC,Rugby Sevens,Women
TILLIE Laurent,France,Volleyball,Men
DANCER Sean,Ireland,Hockey,Women
VIVER ARZA Carlos Enrique,Spain,Handball,Women
BATISTA SANTIAGO Gerardo,Puerto Rico,Basketball,Women
BROWN Chris,United States of America,Rugby Sevens,Women
DAVY Jeremy,Australia,Hockey,Women
MIHAILOVIC Predrag,Australia,Water Polo,Women
PALERMI Giovanna,Italy,Baseball/Softball,Softball
DAZA Fabian,Chile,Football,Both
DIDENKO Natalia,Spain,Artistic Swimming,Both
SZAUDER Gabor,Canada,Artistic Swimming,Team
AIKMAN Siegfried Gottlieb,Japan,Hockey,Men
CHERNETSKA Natalia,Greece,Artistic Swimming,Team
MATSUNO Yoshiyuki,Japan,Basketball,Both
ODAUDU Ogoh,Nigeria,Basketball,Both
HAGER Mark,Great Britain,Hockey,Women
KAZAMA Takafumi,Japan,Football,Both
HALD Simon,Denmark,Handball,Both
MAEDA Kenzo,Japan,Basketball,Both
MIREJOVSKY Michal,Czech Republic,Basketball,Both
PRADO BRANAS Joaquin,Spain,Basketball,Both
FALERO Miguel,Honduras,Football,Men
KANEKO Makoto,Japan,Baseball/Softball,Baseball
SZAUDER Gabor,Canada,Artistic Swimming,Duet
NISHIDA Takumi,Japan,Rugby Sevens,Both
CHAMBERS Cheryl,Australia,Basketball,Both
DURO Fernando,Venezuela,Basketball,Both
SAVIC Dejan,Serbia,Water Polo,Men
SMITH Darren,New Zealand,Hockey,Men
ZHANG Xiaohuan,People's Republic of China,Artistic Swimming,Both
FABRE Julie,France,Artistic Swimming,Duet
KELLER Florian,Germany,Hockey,Women
MALJKOVIC Marina,Serbia,Basketball,Women
GUSTAVSSON Tony,Australia,Football,Women
JACOBSEN Nikolaj,Denmark,Handball,Men
MANZANILLO Andres,Venezuela,Volleyball,Both
POWELL Neil,South Africa,Rugby Sevens,Men
ZAMORA PEDREIRA Javier,Spain,Basketball,Both
ARNOLD Graham,Australia,Football,Men
GONZALEZ JARENO Angel,Spain,Basketball,Both
MOHAMED Sayeda,Saudi Arabia,Football,Both
MACEK Anze,Slovenia,Basketball,Both
DIAZ FERNANDEZ Jenaro Manuel,Spain,Basketball,Both
PIBIRI Rossella,Italy,Artistic Swimming,Both
MAYBURY Elena,United States of America,Football,Both
RECKINGER Xavier,Germany,Hockey,Women
AXNER Tomas,Sweden,Handball,Women
PEDRERO Ofelia,Mexico,Artistic Swimming,Duet
CHEPAK Anastasiya,Egypt,Artistic Swimming,Duet
SIMIYU Innocent,Kenya,Rugby Sevens,Men
AL SAADI Kais,Germany,Hockey,Men
BLECHER SIDOROVA Svetlana,Israel,Artistic Swimming,Duet
GIALLOMBARDO Patrizia,Italy,Artistic Swimming,Duet
DAL ZOTTO Renan,Brazil,Volleyball,Men
KITABAYASHI Kenji,Japan,Handball,Both
MIYAKAWA Miya,Japan,Artistic Swimming,Both
BANBULA Wojciech,Poland,Volleyball,Both
CARO Carlos,Mexico,Baseball/Softball,Softball
HERNANDEZ FRAILE Jose Ignacio,Spain,Basketball,Both
MASHA Mario,South Africa,Football,Both
DANCHENKO Tatiana,ROC,Artistic Swimming,Duet
SALAM Mohamed,Egypt,Football,Both
UDOVICIC Dejan,United States of America,Water Polo,Men
KNEZEVIC Nemanja,Kazakhstan,Water Polo,Men
NOTOANE David,South Africa,Football,Men
ELAFANDI Nour,Egypt,Artistic Swimming,Duet
ENGELLAND Chip,United States of America,Basketball,Both
DYKSTRA Trisha,Australia,Basketball,Both
KRIKORIAN Adam,United States of America,Water Polo,Women
MACKINTOSH Euan Michael Gordon,People's Republic of China,Rugby Sevens,Women
NAGAE Shoji,Japan,Volleyball,Both
PEREIRA Paulo Jorge,Portugal,Handball,Men
SCHILLING April,Nigeria,Basketball,Both
COURTEIX David,France,Rugby Sevens,Women
SPERAW John,United States of America,Volleyball,Men
KIM Hagbum,Republic of Korea,Football,Men
YAMAJI Noriko,Japan,Baseball/Softball,Softball
MLADENOVA Albena,Austria,Artistic Swimming,Duet
BERG Laura,United States of America,Baseball/Softball,Softball
SCARIOLO Sergio,Spain,Basketball,Men
TAKITA Risako,Japan,Artistic Swimming,Both
GARCIA HERRERA Manuel,Dominican Republic,Baseball/Softball,Baseball
GIALLOMBARDO Patrizia,Italy,Artistic Swimming,Team
WALSH Tim,Australia,Rugby Sevens,Men
BRUN Aristide,Austria,Artistic Swimming,Both
FORREST Scott,Great Britain,Rugby Sevens,Women
HERNANDEZ Sergio,Argentina,Basketball,Men
JONES Chris,Canada,Baseball/Softball,Softball
SHAW Graham,New Zealand,Hockey,Women
EDDY Anthony,Ireland,Rugby Sevens,Men
JEROME Essapa,C�te d'Ivoire,Football,Both
VASQUEZ Diego,Venezuela,Basketball,Both
LANG Ping,People's Republic of China,Volleyball,Women
MARTIN Paul,South Africa,Water Polo,Men
SINGH Shivendra,India,Hockey,Men
GONZALEZ Anibal,Mexico,Football,Both
SVETLICHNAYA Aliona,Belarus,Artistic Swimming,Duet
GUERRERO LOPEZ Julen,Spain,Football,Both
YURKIN Sergey,ROC,Volleyball,Both
GUERRERO Rolando,Mexico,Baseball/Softball,Softball
MENGUAL CIVIL Gemma,Spain,Artistic Swimming,Both
CLARK STEPHEN Gregg,India,Hockey,Men
MATSUODANI Yasushi,Japan,Football,Both
PAUL Henry,Canada,Rugby Sevens,Men
BRONDELLO Sandy,Australia,Basketball,Women
OMOTO Yoji,Japan,Water Polo,Men
RETEGUI Carlos Jose,Argentina,Hockey,Women
SEKULIC Aleksander,Slovenia,Basketball,Men
SEO Chun Oh,Republic of Korea,Rugby Sevens,Men
DOBSON Howard,United States of America,Baseball/Softball,Softball
STAS Jacques,Belgium,Basketball,Both
HARROW Laing,Australia,Baseball/Softball,Softball
MARINELLI Fernando,Chile,Football,Both
MERCEDES del ROSARIO Jose,Dominican Republic,Basketball,Both
WANG Jie,People's Republic of China,Artistic Swimming,Team
SMITH Mark,Canada,Baseball/Softball,Softball
GUIDETTI Giovanni,Turkey,Volleyball,Women
MAHLANGU Sibusiso,South Africa,Football,Both
BREIVIK Marit,Norway,Handball,Both
LAMAS Julio,Japan,Basketball,Men
BASSO Paola,Great Britain,Artistic Swimming,Duet
GRESKOWIAK Arne,Germany,Basketball,Both
DORE Karine,Canada,Artistic Swimming,Both
GOMEZ CORA Santiago,Argentina,Rugby Sevens,Men
MARTIN LOZANO David,Spain,Water Polo,Men
McCRORIE Christy,South Africa,Hockey,Both
VEGA HERRERO Anna,Spain,Artistic Swimming,Both
MOTOMIYA Makihiro,Japan,Water Polo,Women
NEVES Christophe,C�te d'Ivoire,Football,Both
MENDEZ Marcelo Rodolfo,Argentina,Volleyball,Men
ALLER CARBALLO Manuel Angel,Spain,Basketball,Both
BARYLA Pawel,ROC,Volleyball,Both
JONES Nathan,Australia,Baseball/Softball,Softball
PIZZOLINI Federico,Italy,Baseball/Softball,Softball
FERRARO Hernan,Argentina,Volleyball,Women
FLOWERS Tairia,United States of America,Baseball/Softball,Softball
ANNAN Alyson,Netherlands,Hockey,Women
CAMPAGNA Alessandro,Italy,Water Polo,Men
HAIDARA Soualiho,C�te d'Ivoire,Football,Men
MAYONNADE Emmanuel,Netherlands,Handball,Women
MWAPE Bruce,Zambia,Football,Women
JAUMA CAYUELA Esther,Netherlands,Artistic Swimming,Duet
GARNIER Valerie,France,Basketball,Women
POTTER Anthony,Australia,Hockey,Men
REQUENA PERICAS Judit,Spain,Artistic Swimming,Team
SIGURDSSON Dagur,Japan,Handball,Men
XU Limin,People's Republic of China,Basketball,Women
HIROSE Norikazu,Japan,Football,Both
KWIEK Marcos,Dominican Republic,Volleyball,Women
GUILLEN Ronald,Venezuela,Basketball,Both
PECCI Isabella,San Marino,Artistic Swimming,Both
POPOVICH Gregg,United States of America,Basketball,Men
COMMENS Adam,Belgium,Hockey,Both
UTSUGI Reika,Japan,Baseball/Softball,Softball
EITOKU Atsushi,Japan,Artistic Swimming,Both
HARVEY Laura,United States of America,Football,Both
BENCIC Filip,Serbia,Basketball,Both
LAIDLAW Clark,New Zealand,Rugby Sevens,Men
HUGHLEY JR Otis,Nigeria,Basketball,Women
SOYEZ Frederic,Spain,Hockey,Men
FISH Nathan,Israel,Baseball/Softball,Baseball
MONDELO GARCIA Lucas,Spain,Basketball,Women
SPERONI Stefania,Great Britain,Artistic Swimming,Duet
ANDONOVSKI Vlatko,United States of America,Football,Women
KULESZA Katarzyna,Canada,Artistic Swimming,Team
ZONDI Nkuliso,South Africa,Hockey,Women
JENNINGS Dee,Australia,Hockey,Both
MEDINA Bobby,Nigeria,Basketball,Both
WOELFLIN Roberto Osvaldo,Argentina,Volleyball,Both
GISLASON Alfred,Germany,Handball,Men
GUIMARAES Jose Roberto,Brazil,Volleyball,Women
ABE Katsuhiko,Japan,Basketball,Both
HAVENGA Arno,Netherlands,Water Polo,Women
MORIYASU Hajime,Japan,Football,Men
AMAYA GAITAN Fabian,Puerto Rico,Basketball,Both
BILLAVA SURESH Ankitha,India,Hockey,Women
CADENAS MONTANES Manuel,Argentina,Handball,Men
FUERBRINGER Matthew,United States of America,Volleyball,Both
HAM Darvin de,Nigeria,Basketball,Both
JOHNSON Vickie,United States of America,Basketball,Both
PARADELO David,Canada,Water Polo,Women
SERMANNI Tom,New Zealand,Football,Women
van GUNDY Jeff,United States of America,Basketball,Both
SHAHINTAB Mehran,Islamic Republic of Iran,Basketball,Men
CHEPAK Anastasiya,Egypt,Artistic Swimming,Team
KIRKELY Ulrik,Japan,Handball,Women
BOLTON Alice,Nigeria,Basketball,Both
OLOO Felix,Kenya,Rugby Sevens,Women
BASILIO Mel,Canada,Baseball/Softball,Softball
FAHMY LATIF Yasmine,Egypt,Artistic Swimming,Both
FARINELLI Roberta,Italy,Artistic Swimming,Duet
KIRALY Karch,United States of America,Volleyball,Women
SARTI Ronald,Venezuela,Volleyball,Men
WANG Yang,People's Republic of China,Hockey,Women
ERIKSEN Ken,United States of America,Baseball/Softball,Softball
GINZBURG Ronen,Czech Republic,Basketball,Men
SZAUDER Nora,Slovakia,Artistic Swimming,Both
GIACOBBE Antonio,Tunisia,Volleyball,Men
HOLANEK Zoltan,Hungary,Handball,Both
MESTDAGH Philip,Belgium,Basketball,Women
VORONOVA Elena,ROC,Artistic Swimming,Duet
GRAZIOSI Gianluca,Italy,Volleyball,Both
REQUENA PERICAS Judit,Spain,Artistic Swimming,Duet
GORDO MANSILLA Juan David,Spain,Football,Both
RETEGUI Carlos Jose,Argentina,Hockey,Men
RODRIGUEZ Eduardo Rafael,Argentina,Volleyball,Both
GILLE Guillaume,France,Handball,Men
HUGHES Daniel,United States of America,Basketball,Both
NCUBE Mthandazo,South Africa,Football,Both
SHAWKY Gharib,Egypt,Football,Men
TAGLE German,Chile,Football,Both
FUJIKI Mayuko,Spain,Artistic Swimming,Duet
GRAUPERA Cristina,Greece,Artistic Swimming,Both
BRODERICK William,Brazil,Rugby Sevens,Women
CASAREZ Mary Lucy,Japan,Baseball/Softball,Softball
HENNING Andre,Canada,Hockey,Men
KLARENBEEK Auke,Netherlands,Handball,Both
UDOKA Ime,United States of America,Basketball,Both
ARNAU CREUS Xavier,Japan,Hockey,Women
LOFTUS Adriana,Mexico,Artistic Swimming,Duet
PARRONDO Roberto,Egypt,Handball,Men
MEZHENINA Valeriia,Ukraine,Artistic Swimming,Team
de MOURA Luizomar,Kenya,Volleyball,Women
SIAM Zaghloul,Egypt,Football,Both
van GINKEL Robin,South Africa,Hockey,Women
JIMENEZ NIETO Cecilia,Spain,Artistic Swimming,Both
TAKAKURA Asako,Japan,Football,Women
MENTOOR Delaine,South Africa,Water Polo,Women
POROBIC Petar,People's Republic of China,Water Polo,Women
STANIFORTH Dave,Australia,Hockey,Both
BIRO Attila,Hungary,Water Polo,Women
HOVASSE Thomas Wayne,Japan,Basketball,Women
PISKAREVA Ekaterina,ROC,Artistic Swimming,Both
RIPOLL Sylvain,France,Football,Men
YUAN Lingxi,People's Republic of China,Volleyball,Both
TARRES CAMPA Ana,Greece,Artistic Swimming,Team
GARCIA Nestor,Dominican Republic,Basketball,Both
AGEBA Yuya,Japan,Volleyball,Both
HEM Thon Ponloeu,Cambodia,Artistic Swimming,Both
KIRKPATRICK Andrew,Australia,Baseball/Softball,Softball
NAIDOO Taren,South Africa,Hockey,Women
TARR Heather,United States of America,Baseball/Softball,Softball
WOICKI Pawel,Poland,Volleyball,Both
BUSENKELL Axel,Germany,Football,Both
DELANEY Mike,New Zealand,Hockey,Both
HALKETT Rhett,Netherlands,Hockey,Both
PEREZ Jose,Venezuela,Basketball,Both
KONTIC Svetlana,Serbia,Artistic Swimming,Both
CRESPI JAUME Margalida,Colombia,Artistic Swimming,Both
GARCIA PIZARRO Paula,Colombia,Artistic Swimming,Duet
KERRY Danny,Great Britain,Hockey,Men
PANTOJA Hernan,Venezuela,Volleyball,Both
SOLBERG Glenn,Sweden,Handball,Men
BACIU Horatiu,Romania,Football,Both
HOAG Glenn,Canada,Volleyball,Men
RIBERA ROMANS Jordi,Spain,Handball,Men
JARDINE Andre,Brazil,Football,Men
McLEOD Shane,Belgium,Hockey,Men
BUSATO Sergio,ROC,Volleyball,Women
FARINELLI Roberta,Italy,Artistic Swimming,Team
GAIDUKOV Aleksandr,ROC,Water Polo,Women
GERHARDSSON Peter,Sweden,Football,Women
ROQUES Anthony,Great Britain,Rugby Sevens,Men
WALL Michael,United States of America,Volleyball,Both
WEINSTEIN Jerry,United States of America,Baseball/Softball,Baseball
CALDAS Max,Netherlands,Hockey,Men
de la FUENTE CASTILLO Luis,Spain,Football,Men
LOPES BARBOSA Leonard,Kenya,Volleyball,Both
CRUZ Filipe,Angola,Handball,Women
KAISER Pierre,Belgium,Basketball,Both
KANG Jae Won,Republic of Korea,Handball,Women
MULATI Adilijiang,People's Republic of China,Basketball,Both
RIISE Hege,Great Britain,Football,Women
